,Fish,Scan,Scanner,Scan date,Voxelsize,Voltage,Current,Filter,Exposuretime,Averaging,RotationStep,ProjectionSize,CameraWindow,Scan time,Stacks,Scan time total,RingartefactCorrection,BeamHardeningCorrection,Grayvalue
0,10151,head_rec,SkyScan2214,2022-04-14T12:01:07,21.999992,70,140,No Filter,790,"OFF (2)
",0.1,5971968,2400,0 days 01:50:42,1,0 days 01:50:42,0,0,0.107354
1,10151,rec,SkyScan2214,2021-08-27T10:59:28,9.000117,70,140,No Filter,909,"OFF (4)
",0.2,5971968,2400,0 days 00:59:28,3,0 days 02:58:24,0,0,0.111613
2,10151,rec_oj,SkyScan2214,2022-04-14T13:53:51,9.000117,70,140,No Filter,790,"OFF (2)
",0.1,5971968,2400,0 days 01:47:58,1,0 days 01:47:58,0,0,0.163963
3,10151,rec_pj,SkyScan2214,2022-04-14T16:09:29,9.000117,70,140,No Filter,790,"OFF (2)
",0.1,5971968,2400,0 days 01:48:02,1,0 days 01:48:02,0,0,0.075934
4,103375,head_rec,SkyScan2214,2022-02-28T12:10:58,34.999138,70,140,No Filter,850,"OFF (5)
",0.2,1492992,1200,0 days 00:45:39,3,0 days 02:16:57,0,0,0.072119
5,103375,rec,SkyScan2214,2021-03-26T12:59:33,13.120329,70,125,No Filter,750,"OFF (3)
",0.2,5968080,2400,0 days 00:53:36,3,0 days 02:40:48,0,0,0.046591
6,103571,head_rec,SkyScan2214,2021-12-15T14:50:38,29.000594,70,140,No Filter,612,"OFF (5)
",0.2,1492992,1200,0 days 00:34:45,2,0 days 01:09:30,0,0,0.095463
7,103571,rec,SkyScan2214,2021-04-12T14:37:40,11.92668,70,125,No Filter,908,"OFF (3)
",0.2,5968080,2400,0 days 00:59:46,3,0 days 02:59:18,0,0,0.091682
8,103634,rec,SkyScan1272,2021-11-18T15:10:04,4.000007,60,166,Al 0.25mm,1981,"ON (3)
",0.1,16085120,4000,0 days 05:19:27,2,0 days 10:38:54,13,0,0.305694
9,103635,head_rec,SkyScan2214,2022-01-25T12:33:31,15.500842,70,138,No Filter,740,"OFF (2)
",0.2,1492992,1200,0 days 00:39:13,3,0 days 01:57:39,0,0,0.117524
10,103635,jaw_rec,SkyScan1272,2021-02-08T12:25:19,5.000014,60,166,Al 0.25mm,1500,"ON (3)
",0.2,4021280,2000,0 days 01:57:10,1,0 days 01:57:10,14,10,0.260728
11,103635,pharynx_rec,SkyScan1272,2021-02-08T14:24:12,5.000014,60,166,Al 0.25mm,1500,"ON (3)
",0.2,4021280,2000,0 days 01:57:01,1,0 days 01:57:01,14,10,0.215369
12,103637,rec,SkyScan1272,2021-11-23T14:29:55,3.499972,60,166,Al 0.25mm,1981,"ON (3)
",0.1,16085120,4000,0 days 05:21:36,3,0 days 16:04:48,13,0,0.322794
13,103641,rec,SkyScan1272,2021-11-15T20:42:25,4.000007,60,166,Al 0.25mm,1981,"ON (3)
",0.1,16085120,4000,0 days 05:15:26,3,0 days 15:46:18,13,0,0.271679
14,103658,rec,SkyScan2214,2021-04-23T10:36:23,8.34876,80,125,No Filter,1111,"OFF (3)
",0.2,5968080,2400,0 days 01:06:50,3,0 days 03:20:30,0,0,0.16049
15,103704,head_rec,SkyScan2214,2021-10-29T13:10:16,17.500356,70,140,No Filter,648,"OFF (4)
",0.2,1492992,1200,0 days 00:34:07,2,0 days 01:08:14,0,0,0.087737
16,103704,rec,SkyScan2214,2021-10-29T11:02:18,10.735332,70,140,No Filter,648,"OFF (4)
",0.15,1492992,1200,0 days 00:45:30,3,0 days 02:16:30,0,0,0.114614
17,103718,head_rec,SkyScan2214,2021-10-26T09:48:44,15.001691,65,140,No Filter,706,"OFF (4)
",0.2,5971968,2400,0 days 00:51:16,1,0 days 00:51:16,0,0,0.099562
18,103718,rec,SkyScan2214,2021-10-26T10:59:24,5.12833,65,140,No Filter,706,"OFF (4)
",0.15,5971968,2400,0 days 01:09:25,3,0 days 03:28:15,0,0,0.192249
19,103720,rec,SkyScan1272,2021-11-22T16:52:46,4.000007,60,166,Al 0.25mm,1981,"ON (3)
",0.1,16085120,4000,0 days 05:29:40,3,0 days 16:29:00,13,0,0.348526
20,103723,head_rec,SkyScan2214,2022-03-17T11:02:23,17.999448,70,136,No Filter,999,"OFF (3)
",0.1,5971968,2400,0 days 02:04:09,1,0 days 02:04:09,0,0,0.102249
21,103723,rec,SkyScan2214,2021-09-03T12:31:42,6.799137,70,140,No Filter,1101,"OFF (4)
",0.2,5971968,2400,0 days 01:05:47,3,0 days 03:17:21,0,0,0.159657
22,103723,rec_oj,SkyScan2214,2022-03-17T13:33:49,7.156626,70,136,No Filter,999,"OFF (3)
",0.1,5971968,2400,0 days 02:03:57,1,0 days 02:03:57,0,0,0.156075
23,103734,rec,SkyScan2214,2021-04-29T10:30:52,7.75345,80,125,No Filter,850,"OFF (3)
",0.2,5968080,2400,0 days 00:55:43,3,0 days 02:47:09,0,0,0.074869
24,103754,head_rec,SkyScan2214,2022-01-24T13:07:23,11.998662,70,137,No Filter,612,"OFF (2)
",0.2,1492992,1200,0 days 00:34:31,3,0 days 01:43:33,0,0,0.117698
25,103754,rec,SkyScan1272,2020-11-20T06:25:50,5.000018,70,142,Al 0.5mm,3254,"ON (3)
",0.1,16085120,4000,0 days 08:00:09,1,0 days 08:00:09,14,0,0.170639
26,103754,rec_pj,SkyScan2214,2022-03-17T15:44:03,5.999331,70,140,No Filter,999,"OFF (3)
",0.1,5971968,2400,0 days 02:04:00,1,0 days 02:04:00,0,0,0.136063
27,103754,rec_pj_2,SkyScan2214,2022-08-30T17:27:59,5.499452,60,140,No Filter,1647,"OFF (3)
",0.1,5971968,2400,0 days 02:52:22,1,0 days 02:52:22,0,0,0.128105
28,103761,head_rec,SkyScan2214,2021-12-16T14:57:46,16.00072,70,140,No Filter,612,"OFF (5)
",0.2,1492992,1200,0 days 00:35:08,2,0 days 01:10:16,0,0,0.09491
29,103761,rec,SkyScan2214,2021-05-03T10:23:34,7.75345,70,125,No Filter,1413,"OFF (3)
",0.2,5968080,2400,0 days 01:17:01,2,0 days 02:34:02,0,0,0.10693
30,103761,rec_oj_2,SkyScan2214,2022-03-16T16:40:39,5.999331,70,140,No Filter,999,"OFF (3)
",0.1,5971968,2400,0 days 02:03:56,1,0 days 02:03:56,0,0,0.16241
31,103761,rec_oj_3,SkyScan2214,2022-09-01T12:02:19,6.500724,60,140,No Filter,1647,"OFF (3)
",0.1,5971968,2400,0 days 03:01:53,1,0 days 03:01:53,0,0,0.177928
32,103761,rec_pj,SkyScan2214,2022-03-16T19:14:19,5.999331,70,140,No Filter,999,"OFF (3)
",0.1,5971968,2400,0 days 02:03:31,1,0 days 02:03:31,0,0,0.14866
33,103761,rec_pj_3,SkyScan2214,2022-09-01T15:08:18,6.500724,60,140,No Filter,1647,"OFF (3)
",0.1,5971968,2400,0 days 02:55:45,1,0 days 02:55:45,0,0,0.111882
34,103767,head2_rec,SkyScan2214,2022-11-04T11:07:40,9.999875,70,145,No Filter,736,"OFF (3)
",0.1,5971968,2400,0 days 01:45:33,2,0 days 03:31:06,0,0,0.146435
35,103767,head_rec,SkyScan2214,2022-03-18T12:00:37,11.999389,70,138,No Filter,999,"OFF (3)
",0.1,5971968,2400,0 days 02:04:25,1,0 days 02:04:25,0,0,0.151278
36,103767,rec,SkyScan2214,2021-04-19T13:32:36,7.156626,70,125,No Filter,720,"OFF (3)
",0.2,5968080,2400,0 days 00:52:32,3,0 days 02:37:36,0,0,0.076978
37,103767,rec_oj,SkyScan2214,2022-03-18T14:22:15,5.999331,70,132,No Filter,999,"OFF (3)
",0.1,5971968,2400,0 days 02:04:18,1,0 days 02:04:18,0,0,0.15
38,103767,rec_oj_2,SkyScan2214,2022-03-18T17:35:45,7.000603,70,132,No Filter,999,"OFF (3)
",0.125,5971968,2400,0 days 01:40:10,1,0 days 01:40:10,0,0,0.196689
39,103767,rec_rereconstruct,SkyScan2214,2021-04-19T13:32:36,7.156626,70,125,No Filter,720,"OFF (3)
",0.2,5968080,2400,0 days 00:52:32,3,0 days 02:37:36,0,0,0.121472
40,103778,head_rec,SkyScan2214,2022-01-24T10:50:14,11.998662,70,115,No Filter,612,"OFF (2)
",0.2,1492992,1200,0 days 00:34:32,3,0 days 01:43:36,0,0,0.100522
41,103778,jaw_rec,SkyScan1272,2021-02-10T12:49:28,5.000014,60,166,Al 0.25mm,1500,"ON (3)
",0.2,4021280,2000,0 days 01:57:17,1,0 days 01:57:17,14,10,0.261067
42,103778,pharynx_rec,SkyScan1272,2021-02-10T14:48:26,5.000014,60,166,Al 0.25mm,1500,"ON (3)
",0.2,4021280,2000,0 days 01:57:11,1,0 days 01:57:11,14,10,0.224892
43,103778,rec_pj,SkyScan2214,2022-03-28T11:33:32,6.500724,70,140,No Filter,587,"OFF (3)
",0.1,5971968,2400,0 days 01:33:49,1,0 days 01:33:49,0,0,0.116813
44,103908,head_rec,SkyScan2214,2022-03-14T14:06:20,5.999331,70,136,No Filter,999,"OFF (3)
",0.1,5971968,2400,0 days 02:04:49,2,0 days 04:09:38,0,0,0.160684
45,103908,jaw_rec,SkyScan1272,2020-11-03T12:34:39,5.000014,70,142,Al 0.5mm,1162,"ON (3)
",0.2,4021280,2000,0 days 01:35:36,1,0 days 01:35:36,7,0,0.11886
46,103908,stack_rec,SkyScan1272,2020-11-13T14:29:52,5.000014,70,142,Al 0.5mm,1162,"ON (3)
",0.2,4021280,2000,0 days 01:35:47,3,0 days 04:47:21,14,0,0.238643
47,103926,rec,SkyScan1272,2021-11-25T14:58:01,4.000007,60,166,Al 0.25mm,1783,"ON (3)
",0.1,16085120,4000,0 days 04:54:55,2,0 days 09:49:50,13,0,0.324195
48,104016,head_rec,SkyScan2214,2022-01-27T13:32:59,13.001449,70,137,No Filter,740,"OFF (2)
",0.2,1492992,1200,0 days 00:39:19,3,0 days 01:57:57,0,0,0.16521
49,104016,jaw_rec,SkyScan1272,2021-02-04T11:21:23,5.000014,60,166,Al 0.25mm,1878,"ON (2)
",0.2,4021280,2000,0 days 01:51:06,1,0 days 01:51:06,19,0,0.249223
50,104016,pharynx_rec,SkyScan1272,2021-02-04T13:30:11,5.000014,60,166,Al 0.25mm,1500,"ON (3)
",0.2,4021280,2000,0 days 01:58:17,1,0 days 01:58:17,19,0,0.225172
51,104021,head_rec,SkyScan2214,2022-03-25T11:15:38,15.000176,70,140,No Filter,653,"OFF (3)
",0.1,5971968,2400,0 days 01:40:14,1,0 days 01:40:14,0,0,0.149857
52,104021,rec,SkyScan2214,2021-05-18T10:15:42,5.962976,70,140,No Filter,1021,"OFF (3)
",0.2,5968080,2400,0 days 01:01:52,3,0 days 03:05:36,0,0,0.130596
53,104021,rec_oj,SkyScan2214,2022-03-25T13:00:37,6.500724,70,140,No Filter,653,"OFF (3)
",0.1,5971968,2400,0 days 01:39:21,1,0 days 01:39:21,0,0,0.173298
54,104042,rec,SkyScan2214,2021-05-04T09:59:24,7.75345,70,125,No Filter,1413,"OFF (3)
",0.2,5968080,2400,0 days 01:17:00,2,0 days 02:34:00,0,0,0.12518
55,104061,head_rec,SkyScan2214,2022-02-18T10:03:36,29.000594,70,140,No Filter,782,"OFF (5)
",0.2,1492992,1200,0 days 00:39:56,3,0 days 01:59:48,0,0,0.132264
56,104061,head_rec_pressure_loss,SkyScan2214,2022-02-17T11:42:34,30.000352,70,140,No Filter,782,"OFF (5)
",0.2,1492992,1200,0 days 00:41:18,2,0 days 01:22:36,0,0,0.072747
57,104061,rec,SkyScan2214,2021-07-15T15:23:55,8.945585,70,140,No Filter,747,"OFF (3)
",0.2,5971968,2400,0 days 00:52:42,3,0 days 02:38:06,0,0,0.109517
58,104061,rec_rescan,SkyScan2214,2021-08-20T11:06:31,9.999875,70,140,No Filter,834,"OFF (4)
",0.2,5971968,2400,0 days 00:55:55,3,0 days 02:47:45,0,0,0.106901
59,10448,head2_rec,SkyScan2214,2022-02-10T10:19:44,29.000594,70,140,No Filter,904,"OFF (3)
",0.2,1492992,1200,0 days 00:45:15,3,0 days 02:15:45,0,0,0.106219
60,10448,head_rec_head,SkyScan2214,2021-10-11T11:28:22,30.001079,70,140,No Filter,873,"OFF (4)
",0.2,5971968,2400,0 days 00:57:36,1,0 days 00:57:36,0,0,0.084901
61,10448,rec,SkyScan2214,2021-06-10T13:24:31,9.065253,70,140,No Filter,576,"OFF (3)
",0.2,5968080,2400,0 days 00:45:56,3,0 days 02:17:48,0,0,0.133328
62,10448,rec_rereconstruct,SkyScan2214,2021-06-10T13:24:31,9.065253,70,140,No Filter,576,"OFF (3)
",0.2,5968080,2400,0 days 00:45:56,3,0 days 02:17:48,0,0,0.12714
63,10448,rec_rescan,SkyScan2214,2021-10-11T12:46:18,9.000117,70,140,No Filter,873,"OFF (4)
",0.15,5971968,2400,0 days 01:16:35,3,0 days 03:49:45,0,0,0.137774
64,104621,head_rec,SkyScan2214,2022-02-11T13:26:19,11.498783,70,140,No Filter,985,"OFF (3)
",0.2,1492992,1200,0 days 00:51:07,3,0 days 02:33:21,0,0,0.142658
65,104621,rec,SkyScan2214,2021-05-25T09:47:31,5.499452,55,140,No Filter,1021,"OFF (3)
",0.2,5968080,2400,0 days 01:01:59,3,0 days 03:05:57,0,0,0.17046
66,104661,rec,SkyScan1272,2021-11-17T17:52:49,4.000007,60,166,Al 0.25mm,1981,"ON (3)
",0.1,16085120,4000,0 days 05:17:28,3,0 days 15:52:24,13,0,0.279845
67,104661,rec_rereconstruct,SkyScan1272,2021-11-17T17:52:49,4.000007,60,166,Al 0.25mm,1981,"ON (3)
",0.1,16085120,4000,0 days 05:17:28,3,0 days 15:52:24,13,0,0.369932
68,104661,rec_rereconstruct_smoothing,SkyScan1272,2021-11-17T17:52:49,4.000007,60,166,Al 0.25mm,1981,"ON (3)
",0.1,16085120,4000,0 days 05:17:28,3,0 days 15:52:24,13,0,0.369932
69,104671,head_rec,SkyScan2214,2021-10-28T14:50:14,19.999749,70,140,No Filter,720,"OFF (4)
",0.2,1492992,1200,0 days 00:38:56,1,0 days 00:38:56,0,0,0.135582
70,104671,head_rec2,SkyScan2214,2021-10-28T15:44:36,19.999749,70,140,No Filter,720,"OFF (4)
",0.2,1492992,1200,0 days 00:38:53,2,0 days 01:17:46,0,0,0.111818
71,104671,rec,SkyScan2214,2021-10-28T12:23:33,10.735332,70,140,No Filter,720,"OFF (4)
",0.15,1492992,1200,0 days 00:52:02,3,0 days 02:36:06,0,0,0.104601
72,104671,rec_07um,SkyScan2214,2022-03-23T11:53:07,7.000603,70,134,No Filter,777,"OFF (3)
",0.1,5971968,2400,0 days 01:48:39,3,0 days 05:25:57,0,0,0.140668
73,104671_156645,104671_rec,SkyScan2214,2021-04-19T10:11:24,10.13772,70,125,No Filter,720,"OFF (3)
",0.2,5968080,2400,0 days 00:52:14,3,0 days 02:36:42,0,0,0.075211
74,104671_156645,156645_rec,SkyScan2214,2021-04-19T10:11:24,10.13772,70,125,No Filter,720,"OFF (3)
",0.2,5968080,2400,0 days 00:52:14,3,0 days 02:36:42,0,0,0.126274
75,104856,head_rec,SkyScan2214,2022-04-11T11:05:55,16.99969,70,140,No Filter,790,"OFF (3)
",0.1,5971968,2400,0 days 01:49:06,1,0 days 01:49:06,0,0,0.195785
76,104856,rec,SkyScan2214,2021-11-30T11:32:58,8.500239,70,140,No Filter,569,"OFF (5)
",0.1,5971968,2400,0 days 01:33:17,3,0 days 04:39:51,0,0,0.114365
77,104856,rec_oj,SkyScan2214,2022-04-11T14:17:11,9.003147,70,140,No Filter,790,"OFF (3)
",0.1,5971968,2400,0 days 01:48:55,1,0 days 01:48:55,0,0,0.165596
78,104856,rec_pj,SkyScan2214,2022-04-11T16:19:55,9.003147,70,140,No Filter,790,"OFF (3)
",0.1,5971968,2400,0 days 01:48:15,1,0 days 01:48:15,0,0,0.116339
79,104929,head_rec,SkyScan2214,2022-11-01T13:23:11,13.000661,70,145,No Filter,736,"OFF (3)
",0.1,5971968,2400,0 days 01:49:53,2,0 days 03:39:46,0,0,0.117948
80,104929,rec,SkyScan2214,2021-11-29T11:43:14,8.500239,70,140,No Filter,569,"OFF (5)
",0.15,5971968,2400,0 days 01:03:45,3,0 days 03:11:15,0,0,0.090437
81,104929,rec_OJ,SkyScan2214,2021-11-25T13:37:05,9.000117,70,140,No Filter,1075,"OFF (3)
",0.15,5971968,2400,0 days 01:26:21,3,0 days 04:19:03,0,0,0.094192
82,105005_104015,104015_rec,SkyScan2214,2021-05-17T10:21:47,7.036958,70,140,No Filter,1021,"OFF (3)
",0.2,5968080,2400,0 days 01:02:26,5,0 days 05:12:10,0,0,0.088249
83,105005_104015,105005_rec,SkyScan2214,2021-05-17T10:21:47,7.036958,70,140,No Filter,1021,"OFF (3)
",0.2,5968080,2400,0 days 01:02:26,5,0 days 05:12:10,0,0,0.092197
84,105105,rec,SkyScan2214,2021-04-16T11:31:09,10.734545,70,125,No Filter,720,"OFF (3)
",0.2,5968080,2400,0 days 00:52:39,3,0 days 02:37:57,0,0,0.109487
85,105105,rec_rereconstruct,SkyScan2214,2021-04-16T11:31:09,10.734545,70,125,No Filter,720,"OFF (3)
",0.2,5968080,2400,0 days 00:52:39,3,0 days 02:37:57,0,0,0.109487
86,105105,rec_rescan_OJ,SkyScan2214,2021-12-17T15:24:05,7.000603,70,116,No Filter,900,"OFF (5)
",0.15,5971968,2400,0 days 01:18:49,1,0 days 01:18:49,0,0,0.147761
87,10576,rec,SkyScan2214,2021-07-05T13:53:53,8.588096,70,140,No Filter,682,"OFF (3)
",0.2,5971968,2400,0 days 01:22:01,3,0 days 04:06:03,0,0,0.114528
88,10605,head_rec,SkyScan2214,2021-10-18T14:08:47,16.99969,70,140,No Filter,706,"OFF (4)
",0.1,5971968,2400,0 days 01:39:19,2,0 days 03:18:38,0,0,0.114351
89,10605,rec,SkyScan2214,2021-07-12T10:43:15,8.34876,70,140,No Filter,686,"OFF (3)
",0.2,5971968,2400,0 days 00:53:37,3,0 days 02:40:51,0,0,0.113029
90,10618,head2_rec,SkyScan2214,2022-02-10T12:59:38,28.000837,70,140,No Filter,904,"OFF (3)
",0.2,1492992,1200,0 days 00:45:20,3,0 days 02:16:00,0,0,0.128634
91,10618,head_head_rec,SkyScan2214,2021-07-02T15:18:28,20.000477,70,140,No Filter,937,"OFF (3)
",0.2,5971968,2400,0 days 00:59:17,1,0 days 00:59:17,0,0,0.078962
92,10618,rec,SkyScan2214,2021-07-02T10:58:37,9.000117,70,140,No Filter,937,"OFF (3)
",0.2,5971968,2400,0 days 00:59:22,4,0 days 03:57:28,0,0,0.111237
93,10619,head_rec,SkyScan2214,2021-12-02T12:44:16,14.000419,70,140,No Filter,569,"OFF (5)
",0.1,5971968,2400,0 days 01:33:52,2,0 days 03:07:44,0,0,0.113936
94,10619,head_rec_2xbin_23um,SkyScan2214,2021-10-21T15:51:59,33.873713,70,140,No Filter,681,"OFF (4)
",0.2,373248,600,0 days 00:31:11,3,0 days 01:33:33,0,0,0.09
95,10619,head_rec_4xbin_40um,SkyScan2214,2021-10-21T17:13:27,39.999499,70,140,No Filter,681,"OFF (4)
",0.4,373248,600,0 days 00:15:46,2,0 days 00:31:32,0,0,0.09
96,10619,head_rec_unbinned_17.5um,SkyScan2214,2021-10-21T12:11:05,33.873713,70,140,No Filter,681,"OFF (4)
",0.1,373248,600,0 days 01:02:02,4,0 days 04:08:08,0,0,0.09
97,10619,rec,SkyScan2214,2021-07-26T14:27:41,8.34876,70,140,No Filter,813,"OFF (3)
",0.2,5971968,2400,0 days 00:54:40,3,0 days 02:44:00,0,0,0.077216
98,10619,rec_rescan_OJ,SkyScan2214,2021-10-21T11:08:04,33.873713,70,140,No Filter,681,"OFF (4)
",0.1,373248,600,0 days 01:02:20,1,0 days 01:02:20,0,0,0.079659
99,10628,full_188um_rec,SkyScan2214,2021-02-10T14:41:06,188.212,70,200,No Filter,294,"ON (3)
",0.8,373248,600,0 days 00:11:14,2,0 days 00:22:28,0,0,0.042181
100,10628,head_13um_rec,SkyScan2214,2021-02-10T13:36:01,13.127366,70,200,No Filter,450,"OFF (3)
",0.2,5971968,2400,0 days 00:43:43,1,0 days 00:43:43,0,0,0.057892
101,10628,head_18um_rec,SkyScan2214,2021-02-10T12:47:54,17.999866,70,200,No Filter,450,"ON (3)
",0.2,5971968,2400,0 days 01:11:28,1,0 days 01:11:28,0,0,0.048592
102,10628,head_rec,SkyScan2214,2022-03-29T13:17:01,21.999992,70,140,No Filter,587,"OFF (3)
",0.1,5971968,2400,0 days 01:34:10,1,0 days 01:34:10,0,0,0.074944
103,10628,rec_oj,SkyScan2214,2022-03-29T16:04:11,9.999875,70,140,No Filter,587,"OFF (3)
",0.1,5971968,2400,0 days 01:34:44,1,0 days 01:34:44,0,0,0.12897
104,10628,rec_pj,SkyScan2214,2022-03-29T17:47:06,9.999875,70,140,No Filter,587,"OFF (3)
",0.1,5971968,2400,0 days 01:24:29,1,0 days 01:24:29,0,0,0.081295
105,10629,head_rec,SkyScan2214,2021-11-22T17:04:42,24.998536,70,140,No Filter,976,"OFF (3)
",0.2,1492992,1200,0 days 00:46:39,3,0 days 02:19:57,0,0,0.088706
106,10629,rec,SkyScan2214,2021-11-22T13:09:28,16.697521,70,140,No Filter,976,"OFF (3)
",0.1,1492992,1200,0 days 01:32:34,3,0 days 04:37:42,0,0,0.072001
107,10629,rec2,SkyScan2214,2021-11-22T21:41:26,9.999875,70,140,No Filter,810,"OFF (3)
",0.1,5971968,2400,0 days 01:47:38,3,0 days 05:22:54,0,0,0.103575
108,106641,head_rec,SkyScan2214,2022-03-28T14:00:10,17.999448,70,140,No Filter,587,"OFF (3)
",0.1,5971968,2400,0 days 01:33:50,1,0 days 01:33:50,0,0,0.100587
109,106641,rec,SkyScan2214,2021-09-06T15:02:51,8.468428,70,140,No Filter,1101,"OFF (4)
",0.2,5971968,2400,0 days 01:05:18,3,0 days 03:15:54,0,0,0.125446
110,106641,rec_oj,SkyScan2214,2022-03-28T16:39:17,7.000603,70,140,No Filter,587,"OFF (3)
",0.1,5971968,2400,0 days 01:40:55,1,0 days 01:40:55,0,0,0.160218
111,106641,rec_rereconstruct,SkyScan2214,2021-09-06T15:02:51,8.468428,70,140,No Filter,1101,"OFF (4)
",0.2,5971968,2400,0 days 01:05:18,3,0 days 03:15:54,0,0,0.135231
112,106816,head_rec,SkyScan2214,2021-11-11T14:10:31,24.998536,70,140,No Filter,976,"OFF (3)
",0.2,1492992,1200,0 days 00:47:33,2,0 days 01:35:06,0,0,0.096594
113,106816,rec,SkyScan2214,2021-06-21T10:25:47,7.991271,70,140,No Filter,666,"OFF (3)
",0.2,5447088,2300,0 days 00:53:43,3,0 days 02:41:09,0,0,0.117922
114,106985,2214_rec,SkyScan2214,2022-01-14T11:41:40,4.399916,70,115,No Filter,412,"ON (2)
",0.1,10838016,3300,0 days 01:46:19,3,0 days 05:18:57,0,0,0.517143
115,106985,rec,SkyScan1272,2020-11-16T23:53:27,5.001124,70,142,Al 0.5mm,2888,"ON (3)
",0.2,4021280,2000,0 days 06:58:04,2,0 days 13:56:08,14,0,0.247237
116,10715,head_rec,SkyScan2214,2022-01-31T12:58:42,18.500114,70,136,No Filter,666,"OFF (2)
",0.2,1492992,1200,0 days 00:36:11,3,0 days 01:48:33,0,0,0.103717
117,10715,rec,SkyScan2214,2021-05-07T10:11:10,7.394447,70,125,No Filter,720,"OFF (3)
",0.2,5968080,2400,0 days 00:51:04,3,0 days 02:33:12,0,0,0.158883
118,10791,head_rec,SkyScan2214,2021-12-09T11:11:29,32.999624,70,140,No Filter,563,"OFF (5)
",0.2,1492992,1200,0 days 00:32:43,2,0 days 01:05:26,0,0,0.074521
119,10791,rec,SkyScan2214,2021-03-30T10:20:59,13.120329,70,125,No Filter,908,"OFF (3)
",0.2,5968080,2400,0 days 01:00:21,2,0 days 02:00:42,0,0,0.076288
120,10794,head_rec,SkyScan2214,2021-11-02T09:53:14,30.000352,70,140,No Filter,648,"OFF (4)
",0.2,1492992,1200,0 days 00:34:18,2,0 days 01:08:36,0,0,0.10966
121,10794,rec,SkyScan2214,2021-07-22T12:44:27,9.422742,70,140,No Filter,813,"OFF (3)
",0.2,5971968,2400,0 days 00:55:33,3,0 days 02:46:39,0,0,0.160238
122,10794,rec_rescan,SkyScan2214,2021-07-30T12:17:16,8.230607,70,140,No Filter,657,"OFF (3)
",0.2,5971968,2400,0 days 00:49:00,3,0 days 02:27:00,0,0,0.103251
123,10794,rec_rescan_rereconstruct_OJ,SkyScan2214,2021-07-30T12:17:16,8.230607,70,140,No Filter,657,"OFF (3)
",0.2,5971968,2400,0 days 00:49:00,3,0 days 02:27:00,0,0,0.123484
124,109188,head_rec,SkyScan2214,2021-09-23T18:56:54,24.998536,70,140,No Filter,801,"OFF (4)
",0.2,1492992,1200,0 days 00:39:55,3,0 days 01:59:45,0,0,0.066572
125,109188,rec,SkyScan2214,2021-09-23T16:54:01,15.506901,70,140,No Filter,801,"OFF (4)
",0.2,1492992,1200,0 days 00:40:07,3,0 days 02:00:21,0,0,0.130399
126,109188,rec_oj,SkyScan2214,2022-03-10T16:28:20,9.000117,70,140,No Filter,655,"OFF (3)
",0.1,5971968,2400,0 days 01:39:39,1,0 days 01:39:39,0,0,0.126131
127,109209,head_rec,SkyScan2214,2021-11-11T12:20:37,23.998779,70,140,No Filter,976,"OFF (3)
",0.2,1492992,1200,0 days 00:47:30,2,0 days 01:35:00,0,0,0.100487
128,109209,rec,SkyScan2214,2021-06-22T13:24:26,6.799137,70,138,No Filter,777,"OFF (3)
",0.2,5447088,2300,0 days 00:52:56,3,0 days 02:38:48,0,0,0.111487
129,109220,head_rec,SkyScan2214,2021-11-18T09:55:32,30.200303,70,140,No Filter,976,"OFF (3)
",0.2,1492992,1200,0 days 00:47:09,2,0 days 01:34:18,0,0,0.067146
130,109220,rec,SkyScan2214,2021-04-12T10:19:19,11.33137,70,125,No Filter,908,"OFF (3)
",0.2,5968080,2400,0 days 00:59:25,3,0 days 02:58:15,0,0,0.071915
131,109320,head_rec,SkyScan2214,2021-10-18T10:02:21,21.999264,70,140,No Filter,720,"OFF (4)
",0.2,1492992,1200,0 days 00:36:50,3,0 days 01:50:30,0,0,0.098358
132,109320,rec,SkyScan2214,2021-07-06T10:30:00,7.750421,70,140,No Filter,666,"OFF (3)
",0.2,5971968,2400,0 days 00:50:29,3,0 days 02:31:27,0,0,0.110055
133,109432,rec,SkyScan2214,2021-10-25T11:07:19,5.367666,60,146,No Filter,706,"OFF (4)
",0.15,5971968,2400,0 days 01:08:38,3,0 days 03:25:54,0,0,0.147155
134,109768,rec,SkyScan1272,2021-11-26T14:45:51,4.000007,60,166,Al 0.25mm,1783,"ON (3)
",0.1,16085120,4000,0 days 04:57:58,3,0 days 14:53:54,13,0,0.257426
135,109857,rec,SkyScan1272,2021-12-03T01:07:01,4.50002,60,166,Al 0.25mm,3314,"ON (3)
",0.1,16085120,4000,0 days 08:02:09,2,0 days 16:04:18,13,0,0.295771
136,11045,rec,SkyScan2214,2021-03-25T10:05:38,13.120329,70,125,No Filter,750,"OFF (3)
",0.2,5968080,2400,0 days 00:54:31,3,0 days 02:43:33,0,0,0.055035
137,11053,head_rec,SkyScan2214,2021-11-17T15:32:04,18.000235,70,140,No Filter,976,"OFF (3)
",0.2,1492992,1200,0 days 00:47:03,3,0 days 02:21:09,0,0,0.136324
138,11053,rec,SkyScan2214,2021-06-18T10:47:06,6.799137,70,140,No Filter,600,"OFF (3)
",0.2,5447088,2300,0 days 00:47:31,3,0 days 02:22:33,0,0,0.152513
139,11116,head2_rec,SkyScan2214,2022-02-04T12:53:10,28.000837,70,135,No Filter,923,"OFF (2)
",0.2,1492992,1200,0 days 00:48:14,3,0 days 02:24:42,0,0,0.11432
140,11116,head_rec,SkyScan2214,2021-11-08T12:37:54,28.000837,70,137,No Filter,666,"OFF (4)
",0.2,1492992,1200,0 days 00:34:10,2,0 days 01:08:20,0,0,0.075169
141,11116,rec,SkyScan2214,2021-05-28T10:22:10,8.88045,70,140,No Filter,743,"OFF (3)
",0.2,5968080,2400,0 days 00:52:18,3,0 days 02:36:54,0,0,0.143899
142,11313,rec,SkyScan2214,2021-05-10T10:20:15,7.514115,70,125,No Filter,720,"OFF (3)
",0.2,5968080,2400,0 days 00:50:43,3,0 days 02:32:09,0,0,0.138546
143,11322,head_rec,SkyScan2214,2021-11-02T14:25:43,30.000352,70,140,No Filter,648,"OFF (4)
",0.2,1492992,1200,0 days 00:32:50,3,0 days 01:38:30,0,0,0.083133
144,11322,rec,SkyScan2214,2021-06-17T11:37:51,8.34876,70,140,No Filter,917,"OFF (3)
",0.2,5447088,2300,0 days 00:59:04,3,0 days 02:57:12,0,0,0.116694
145,11344,head_rec,SkyScan2214,2021-11-05T16:29:42,29.000594,70,140,No Filter,648,"OFF (4)
",0.2,1492992,1200,0 days 00:33:15,2,0 days 01:06:30,0,0,0.06963
146,11344,rec,SkyScan2214,2021-07-19T10:51:25,12.499268,70,140,No Filter,813,"OFF (3)
",0.2,5971968,2400,0 days 00:55:05,3,0 days 02:45:15,0,0,0.075343
147,11344,rec_rescan,SkyScan2214,2021-07-29T13:17:42,8.230607,70,140,No Filter,657,"OFF (3)
",0.2,5971968,2400,0 days 00:49:45,3,0 days 02:29:15,0,0,0.112003
148,11447,head_rec,SkyScan2214,2021-12-17T10:25:25,14.501084,70,140,No Filter,612,"OFF (5)
",0.2,1492992,1200,0 days 00:34:51,3,0 days 01:44:33,0,0,0.141668
149,11447,rec,SkyScan2214,2021-05-11T10:16:14,7.514115,70,125,No Filter,969,"OFF (3)
",0.2,5968080,2400,0 days 01:00:47,2,0 days 02:01:34,0,0,0.080931
150,11447,rec_oj,SkyScan2214,2022-03-10T10:55:57,6.559801,70,140,No Filter,655,"OFF (3)
",0.1,5971968,2400,0 days 01:38:57,1,0 days 01:38:57,0,0,0.19013
151,11447,rec_oj_2,SkyScan2214,2022-09-01T18:37:54,5.999331,60,140,No Filter,1647,"OFF (3)
",0.1,5971968,2400,0 days 03:04:22,1,0 days 03:04:22,0,0,0.204509
152,11447,rec_oj_360,SkyScan2214,2022-09-12T14:41:38,7.500482,60,140,No Filter,1831,"OFF (3)
",0.1,5971968,2400,0 days 05:03:05,1,0 days 05:03:05,0,0,0.143188
153,11447,rec_oj_rereconstruct,SkyScan2214,2022-03-10T10:55:57,6.559801,70,140,No Filter,655,"OFF (3)
",0.1,5971968,2400,0 days 01:38:57,1,0 days 01:38:57,0,0,0.188329
154,11447,rec_rereconstruct,SkyScan2214,2021-05-11T10:16:14,7.514115,70,125,No Filter,969,"OFF (3)
",0.2,5968080,2400,0 days 01:00:47,2,0 days 02:01:34,0,0,0.131378
155,11500,head_rec,SkyScan2214,2021-11-05T13:57:29,31.000109,70,140,No Filter,648,"OFF (4)
",0.2,1492992,1200,0 days 00:33:12,2,0 days 01:06:24,0,0,0.09508
156,11500,rec,SkyScan2214,2021-06-10T09:43:47,9.999875,70,140,No Filter,576,"OFF (3)
",0.2,5968080,2400,0 days 00:46:19,4,0 days 03:05:16,0,0,0.145188
157,11557,head_rec,SkyScan2214,2021-11-11T09:58:25,26.001323,70,140,No Filter,976,"OFF (3)
",0.2,1492992,1200,0 days 00:47:14,2,0 days 01:34:28,0,0,0.096576
158,11557,rec,SkyScan2214,2021-09-20T19:16:36,8.95013,70,140,No Filter,873,"OFF (4)
",0.1,5971968,2400,0 days 01:53:29,3,0 days 05:40:27,0,0,0.128009
159,11557,rec_rereconstruct_OJ_A,SkyScan2214,2021-09-20T19:16:36,8.95013,70,140,No Filter,873,"OFF (4)
",0.1,5971968,2400,0 days 01:53:29,3,0 days 05:40:27,0,0,0.127697
160,11557,rec_rereconstruct_OJ_B,SkyScan2214,2021-09-20T19:16:36,8.95013,70,140,No Filter,873,"OFF (4)
",0.1,5971968,2400,0 days 01:53:29,3,0 days 05:40:27,0,0,0.115974
161,11601,head_rec_head,SkyScan2214,2021-10-12T13:18:45,17.999448,70,140,No Filter,873,"OFF (4)
",0.15,5971968,2400,0 days 01:16:19,2,0 days 02:32:38,0,0,0.101841
162,11601,rec,SkyScan2214,2021-06-07T10:13:49,10.999632,70,140,No Filter,713,"OFF (3)
",0.2,5968080,2400,0 days 00:50:23,3,0 days 02:31:09,0,0,0.132169
163,11601,rec_rereconstruct,SkyScan2214,2021-06-07T10:13:49,10.999632,70,140,No Filter,713,"OFF (3)
",0.2,5968080,2400,0 days 00:50:23,3,0 days 02:31:09,0,0,0.108015
164,11639,head_rec,SkyScan2214,2021-11-01T10:49:53,30.000352,70,140,No Filter,648,"OFF (4)
",0.2,1492992,1200,0 days 00:34:40,2,0 days 01:09:20,0,0,0.093198
165,11639,rec,SkyScan2214,2021-06-01T10:10:51,7.991271,70,140,No Filter,900,"OFF (3)
",0.2,5968080,2400,0 days 00:57:23,4,0 days 03:49:32,0,0,0.114091
166,11729,head_rec,SkyScan2214,2021-11-02T11:25:43,30.000352,70,140,No Filter,648,"OFF (4)
",0.2,1492992,1200,0 days 00:34:23,3,0 days 01:43:09,0,0,0.121618
167,11729,rec,SkyScan2214,2021-06-14T09:57:51,9.999875,70,140,No Filter,626,"OFF (3)
",0.2,5968080,2400,0 days 00:48:17,3,0 days 02:24:51,0,0,0.197219
168,11729,rec_rereconstruct,SkyScan2214,2021-06-14T09:57:51,9.999875,70,140,No Filter,626,"OFF (3)
",0.2,5968080,2400,0 days 00:48:17,3,0 days 02:24:51,0,0,0.180798
169,11807,head2_rec,SkyScan2214,2022-11-08T16:16:29,17.499569,70,140,No Filter,583,"OFF (5)
",0.1,5971968,2400,0 days 01:34:15,2,0 days 03:08:30,0,0,0.109146
170,11807,head_rec,SkyScan2214,2022-02-04T10:03:25,24.998536,70,134,No Filter,923,"OFF (2)
",0.2,1492992,1200,0 days 00:46:17,3,0 days 02:18:51,0,0,0.148179
171,11807,rec,SkyScan2214,2021-07-01T17:31:46,9.000117,70,140,No Filter,937,"OFF (3)
",0.2,5971968,2400,0 days 00:59:28,3,0 days 02:58:24,0,0,0.136896
172,11946,head_rec,SkyScan2214,2021-11-05T12:13:44,27.00108,70,140,No Filter,648,"OFF (4)
",0.2,1492992,1200,0 days 00:33:02,2,0 days 01:06:04,0,0,0.074325
173,11946,rec,SkyScan2214,2021-05-31T10:42:36,7.991271,70,140,No Filter,743,"OFF (3)
",0.2,5968080,2400,0 days 00:48:21,4,0 days 03:13:24,0,0,0.136079
174,11965,head_rec,SkyScan2214,2022-02-03T14:44:07,24.498657,70,136,No Filter,500,"OFF (2)
",0.2,1492992,1200,0 days 00:30:35,3,0 days 01:31:45,0,0,0.109604
175,11965,rec,SkyScan2214,2021-07-19T14:06:38,8.110939,70,140,No Filter,813,"OFF (3)
",0.2,5971968,2400,0 days 00:54:57,3,0 days 02:44:51,0,0,0.174607
176,11965,rec_head_40um,SkyScan2214,2021-08-19T15:25:09,40.000954,70,140,No Filter,736,"OFF (4)
",1.0,1492992,1200,0 days 00:08:17,1,0 days 00:08:17,0,0,0.094539
177,11965,rec_rescan,SkyScan2214,2021-08-19T13:17:14,8.300287,70,140,No Filter,834,"OFF (4)
",0.2,5971968,2400,0 days 00:55:59,3,0 days 02:47:57,0,0,0.160995
178,11992,head_rec,SkyScan2214,2021-11-17T12:44:36,18.999992,70,140,No Filter,976,"OFF (3)
",0.2,1492992,1200,0 days 00:47:11,2,0 days 01:34:22,0,0,0.077639
179,11992,rec,SkyScan2214,2021-09-07T10:32:35,6.799137,70,140,No Filter,1101,"OFF (4)
",0.2,5971968,2400,0 days 01:05:27,3,0 days 03:16:21,0,0,0.112715
180,11992,rec_pj_2,SkyScan2214,2022-08-31T11:36:57,9.999875,60,140,No Filter,1647,"OFF (3)
",0.1,5971968,2400,0 days 02:51:49,1,0 days 02:51:49,0,0,0.094172
181,12319,head_30um_rec,SkyScan2214,2021-09-23T11:54:37,30.000352,70,140,No Filter,801,"OFF (4)
",0.2,1492992,1200,0 days 00:40:06,3,0 days 02:00:18,0,0,0.094068
182,12319,head_50um_rec,SkyScan2214,2021-09-23T10:33:35,49.998527,70,140,No Filter,801,"OFF (4)
",0.2,1492992,1200,0 days 00:43:32,1,0 days 00:43:32,0,0,0.060523
183,12319,rec,SkyScan2214,2021-07-13T11:31:55,8.588096,70,140,No Filter,747,"OFF (3)
",0.2,5971968,2400,0 days 00:55:21,4,0 days 03:41:24,0,0,0.117131
184,12446,rec_oj,SkyScan2214,2022-11-03T10:44:58,8.00036,70,145,No Filter,736,"OFF (3)
",0.1,5971968,2400,0 days 01:45:13,1,0 days 01:45:13,0,0,0.127035
185,12446,rec_pj,SkyScan2214,2022-11-02T10:32:54,8.00036,70,145,No Filter,736,"OFF (3)
",0.1,5971968,2400,0 days 01:44:41,1,0 days 01:44:41,0,0,0.098144
186,12793,rec_oj,SkyScan2214,2022-11-01T10:43:24,6.500724,70,145,No Filter,736,"OFF (3)
",0.1,5971968,2400,0 days 01:47:12,1,0 days 01:47:12,0,0,0.151509
187,12807,head_rec,SkyScan2214,2022-03-31T11:03:57,17.999448,70,140,No Filter,587,"OFF (3)
",0.1,5971968,2400,0 days 01:35:27,1,0 days 01:35:27,0,0,0.107203
188,12807,rec,SkyScan2214,2021-09-10T10:56:13,6.799137,70,140,No Filter,1647,"OFF (4)
",0.2,5971968,2400,0 days 01:25:20,3,0 days 04:16:00,0,0,0.127435
189,12807,rec_oj,SkyScan2214,2022-03-31T12:46:44,7.250542,70,140,No Filter,587,"OFF (3)
",0.1,5971968,2400,0 days 01:34:31,1,0 days 01:34:31,0,0,0.14523
190,12807,rec_pj,SkyScan2214,2022-03-31T14:35:40,7.250542,70,140,No Filter,587,"OFF (3)
",0.1,5971968,2400,0 days 01:33:48,1,0 days 01:33:48,0,0,0.090598
191,12807,rec_pj_2,SkyScan2214,2022-08-30T14:09:31,8.00036,60,140,No Filter,1647,"OFF (3)
",0.1,5971968,2400,0 days 02:52:59,1,0 days 02:52:59,0,0,0.09956
192,12849,rec,SkyScan2214,2021-08-23T10:26:31,8.110939,70,140,No Filter,834,"OFF (4)
",0.2,5971968,2400,0 days 00:55:48,3,0 days 02:47:24,0,0,0.128125
193,13069,head_rec,SkyScan2214,2021-11-17T10:11:23,26.001323,70,140,No Filter,976,"OFF (3)
",0.2,1492992,1200,0 days 00:47:11,2,0 days 01:34:22,0,0,0.075367
194,13069,rec,SkyScan2214,2021-08-30T10:46:24,8.468428,70,140,No Filter,1101,"OFF (4)
",0.2,5971968,2400,0 days 01:05:14,3,0 days 03:15:42,0,0,0.147752
195,13115,head_rec,SkyScan2214,2022-02-10T16:02:22,35.998895,70,140,No Filter,904,"OFF (3)
",0.2,1492992,1200,0 days 00:45:34,3,0 days 02:16:42,0,0,0.079119
196,13115,rec_13um,SkyScan2214,2021-03-24T10:38:11,13.120329,70,125,No Filter,750,"OFF (3)
",0.2,5968080,2400,0 days 01:02:11,3,0 days 03:06:33,0,0,0.049811
197,13115,rec_22um,SkyScan2214,2021-03-09T11:44:27,21.999992,70,125,No Filter,280,"OFF (3)
",0.2,5968080,2400,0 days 00:36:34,1,0 days 00:36:34,0,0,0.047498
198,131282,head_rec,SkyScan2214,2022-01-27T10:55:34,13.501327,70,138,No Filter,740,"OFF (2)
",0.2,1492992,1200,0 days 00:37:51,3,0 days 01:53:33,0,0,0.146953
199,131282,jaw_rec,SkyScan1272,2021-02-05T11:39:26,5.000014,60,166,Al 0.25mm,1500,"ON (3)
",0.2,4021280,2000,0 days 01:57:24,1,0 days 01:57:24,14,10,0.35403
200,131282,pharynx_rec,SkyScan1272,2021-02-05T13:44:12,5.000014,60,166,Al 0.25mm,1500,"ON (3)
",0.2,4021280,2000,0 days 01:57:23,1,0 days 01:57:23,14,10,0.221278
201,13269,rec,SkyScan2214,2021-09-02T11:02:46,8.900142,70,140,No Filter,1101,"OFF (4)
",0.2,5971968,2400,0 days 01:05:42,3,0 days 03:17:06,0,0,0.114363
202,13281,rec,SkyScan2214,2021-08-26T14:37:13,8.88045,70,140,No Filter,909,"OFF (4)
",0.2,5971968,2400,0 days 00:58:12,3,0 days 02:54:36,0,0,0.142293
203,13393,head_rec,SkyScan2214,2021-11-04T09:52:24,29.000594,70,140,No Filter,648,"OFF (4)
",0.2,1492992,1200,0 days 00:34:32,2,0 days 01:09:04,0,0,0.078103
204,13393,rec,SkyScan2214,2021-06-04T12:35:41,7.991271,70,140,No Filter,713,"OFF (3)
",0.2,5968080,2400,0 days 00:50:41,4,0 days 03:22:44,0,0,0.077749
205,13420,rec,SkyScan2214,2021-09-13T10:50:51,9.000117,70,147,No Filter,1647,"OFF (4)
",0.2,5971968,2400,0 days 01:25:38,3,0 days 04:16:54,0,0,0.131211
206,13492,head_rec,SkyScan2214,2021-11-08T10:19:39,29.000594,70,140,No Filter,666,"OFF (4)
",0.2,1492992,1200,0 days 00:33:58,2,0 days 01:07:56,0,0,0.079248
207,13492,rec,SkyScan2214,2021-05-27T10:07:47,7.276294,70,140,No Filter,743,"OFF (3)
",0.2,5968080,2400,0 days 00:53:12,4,0 days 03:32:48,0,0,0.115686
208,14125,rec,SkyScan2214,2021-07-23T11:22:35,8.34876,70,140,No Filter,813,"OFF (3)
",0.2,5971968,2400,0 days 00:54:51,3,0 days 02:44:33,0,0,0.101053
209,14128,rec,SkyScan2214,2021-03-26T09:43:58,13.120329,70,125,No Filter,750,"OFF (3)
",0.2,5968080,2400,0 days 00:53:32,3,0 days 02:40:36,0,0,0.062966
210,14233,rec,SkyScan2214,2021-08-31T10:28:12,8.468428,70,140,No Filter,1101,"OFF (4)
",0.2,5971968,2400,0 days 01:05:57,3,0 days 03:17:51,0,0,0.088423
211,14269,rec,SkyScan1272,2020-11-20T17:03:10,5.000018,70,142,Al 0.5mm,3254,"ON (3)
",0.1,16085120,4000,0 days 08:05:18,1,0 days 08:05:18,13,0,0.209348
212,14269,rec_oj_2,SkyScan2214,2022-09-02T11:54:31,5.499452,60,140,No Filter,1647,"OFF (3)
",0.1,5971968,2400,0 days 02:52:59,1,0 days 02:52:59,0,0,0.21174
213,14269,rec_pj_2,SkyScan2214,2022-09-02T15:10:20,5.499452,60,140,No Filter,1647,"OFF (3)
",0.1,5971968,2400,0 days 02:52:30,1,0 days 02:52:30,0,0,0.12371
214,14269,rec_rereconstruct,SkyScan1272,2020-11-20T17:03:10,5.000018,70,142,Al 0.5mm,3254,"ON (3)
",0.1,16085120,4000,0 days 08:05:18,1,0 days 08:05:18,13,0,0.209348
215,14295,head_rec,SkyScan2214,2022-03-01T14:49:24,19.999749,70,140,No Filter,832,"OFF (2)
",0.2,1492992,1200,0 days 00:42:27,1,0 days 00:42:27,0,0,0.119763
216,14295,rec,SkyScan1272,2020-10-26T12:58:57,5.000014,70,142,Al 0.5mm,1162,"ON (3)
",0.6,4021280,2000,0 days 00:34:17,1,0 days 00:34:17,13,0,0.204023
217,14295,rec_pj,SkyScan2214,2022-03-01T16:57:18,5.962976,70,140,No Filter,855,"OFF (2)
",0.1,5971968,2400,0 days 01:53:03,1,0 days 01:53:03,0,0,0.109309
218,14298,head_rec,SkyScan2214,2022-04-29T11:31:24,12.499268,70,140,No Filter,835,"OFF (2)
",0.1,5971968,2400,0 days 01:51:51,1,0 days 01:51:51,0,0,0.114016
219,14298,rec,SkyScan1272,2020-11-17T18:22:34,5.000018,70,142,Al 0.5mm,3254,"ON (3)
",0.1,16085120,4000,0 days 08:00:47,1,0 days 08:00:47,14,0,0.253239
220,14298,rec_oj,SkyScan2214,2022-04-29T17:32:45,5.749392,70,140,No Filter,835,"OFF (2)
",0.1,5971968,2400,0 days 01:51:43,1,0 days 01:51:43,0,0,0.177552
221,14298,rec_pj,SkyScan2214,2022-04-29T13:28:43,5.749392,70,140,No Filter,835,"OFF (2)
",0.1,5971968,2400,0 days 01:51:38,1,0 days 01:51:38,0,0,0.121393
222,156645,head_rec,SkyScan2214,2022-03-03T13:10:58,16.00072,70,140,No Filter,832,"OFF (3)
",0.2,1492992,1200,0 days 00:42:30,2,0 days 01:25:00,0,0,0.139621
223,156645,rec_oj,SkyScan2214,2022-03-03T16:27:28,6.500724,70,140,No Filter,1111,"OFF (3)
",0.1,5971968,2400,0 days 02:12:01,1,0 days 02:12:01,0,0,0.166769
224,156645,rec_pj,SkyScan2214,2022-03-03T18:41:15,6.500724,70,140,No Filter,1111,"OFF (3)
",0.1,5971968,2400,0 days 02:12:24,1,0 days 02:12:24,0,0,0.093084
225,158795,head_rec,SkyScan2214,2022-02-11T10:21:15,14.001206,60,140,No Filter,904,"OFF (3)
",0.2,1492992,1200,0 days 00:45:41,3,0 days 02:17:03,0,0,0.188468
226,158795,rec_oj,SkyScan2214,2022-04-26T12:19:32,5.999331,70,140,No Filter,835,"OFF (2)
",0.1,5971968,2400,0 days 01:52:28,1,0 days 01:52:28,0,0,0.187463
227,158795,rec_pj,SkyScan2214,2022-04-26T14:15:34,5.999331,70,140,No Filter,835,"OFF (2)
",0.1,5971968,2400,0 days 01:52:00,1,0 days 01:52:00,0,0,0.100345
228,158816,head_rec,SkyScan2214,2022-10-31T16:37:18,20.000477,70,145,No Filter,736,"OFF (3)
",0.1,5971968,2400,0 days 01:45:32,2,0 days 03:31:04,0,0,0.10417
229,158816,rec,SkyScan2214,2021-11-23T11:42:41,10.999632,70,140,No Filter,1075,"OFF (3)
",0.1,5971968,2400,0 days 02:07:27,3,0 days 06:22:21,0,0,0.108723
230,161476,head_rec,SkyScan2214,2021-12-14T09:59:54,27.500959,70,140,No Filter,612,"OFF (5)
",0.2,1492992,1200,0 days 00:34:17,3,0 days 01:42:51,0,0,0.132101
231,161476,rec,SkyScan2214,2021-04-13T13:46:49,11.92668,70,125,No Filter,908,"OFF (3)
",0.2,5968080,2400,0 days 00:59:34,3,0 days 02:58:42,0,0,0.115976
232,161476,rec_rereconstruct,SkyScan2214,2021-04-13T13:46:49,11.92668,70,125,No Filter,908,"OFF (3)
",0.2,5968080,2400,0 days 00:59:34,3,0 days 02:58:42,0,0,0.131485
233,161543,head_30um_rec,SkyScan2214,2021-02-12T15:44:15,30.000008,80,200,Al 1mm,445,"OFF (3)
",0.2,5971968,2400,0 days 00:45:58,1,0 days 00:45:58,0,0,0.031229
234,161543,rec,SkyScan2214,2021-03-24T14:21:33,13.120329,70,125,No Filter,750,"OFF (3)
",0.2,5968080,2400,0 days 01:04:16,3,0 days 03:12:48,0,0,0.050316
235,21322,jaw_rec_mouth_5um,SkyScan1272,2020-09-28T16:12:57,5.000014,70,142,Al 0.5mm,1162,"ON (3)
",0.6,4021280,2000,0 days 00:34:11,1,0 days 00:34:11,19,0,0.220318
236,21322,whole_rec_full,SkyScan1272,2020-09-28T12:35:20,21.614722,70,142,Al 0.5mm,1667,"ON (3)
",0.6,1003680,1000,0 days 00:43:38,4,0 days 02:54:32,13,0,0.131458
237,22406,head_rec,SkyScan2214,2022-04-05T10:53:44,20.000477,70,140,No Filter,790,"OFF (3)
",0.1,5971968,2400,0 days 01:49:36,1,0 days 01:49:36,0,0,0.09065
238,22406,rec_oj,SkyScan2214,2022-04-05T12:49:17,7.156626,70,140,No Filter,790,"OFF (3)
",0.1,5971968,2400,0 days 01:49:33,1,0 days 01:49:33,0,0,0.172969
239,22406,rec_pj,SkyScan2214,2022-04-05T14:44:20,8.00036,70,140,No Filter,790,"OFF (3)
",0.1,5971968,2400,0 days 01:48:57,1,0 days 01:48:57,0,0,0.097306
240,22476,head2_rec,SkyScan2214,2022-11-03T12:52:49,12.499268,70,145,No Filter,736,"OFF (3)
",0.1,5971968,2400,0 days 01:45:31,2,0 days 03:31:02,0,0,0.116273
241,22476,head_rec,SkyScan2214,2022-04-12T12:04:53,11.999389,70,140,No Filter,790,"OFF (3)
",0.1,5971968,2400,0 days 01:48:46,1,0 days 01:48:46,0,0,0.121283
242,22476,rec_oj,SkyScan2214,2022-04-12T13:59:23,7.000603,70,140,No Filter,790,"OFF (3)
",0.1,5971968,2400,0 days 01:49:02,1,0 days 01:49:02,0,0,0.150056
243,22476,rec_pj,SkyScan2214,2022-04-12T16:42:56,7.000603,70,140,No Filter,790,"OFF (3)
",0.1,5971968,2400,0 days 01:48:54,1,0 days 01:48:54,0,0,0.116472
244,22478,rec,SkyScan2214,2022-02-01T10:43:52,5.367666,70,107,No Filter,923,"OFF (2)
",0.1,5971968,2400,0 days 01:59:29,3,0 days 05:58:27,0,0,0.17414
245,22479,oj_rec,SkyScan2214,2022-02-14T12:01:26,8.00036,70,140,No Filter,873,"OFF (5)
",0.1,5971968,2400,0 days 01:55:08,1,0 days 01:55:08,0,0,0.137646
246,22479,pj_rec,SkyScan2214,2022-02-14T13:57:34,8.00036,70,140,No Filter,873,"OFF (5)
",0.1,5971968,2400,0 days 01:54:50,1,0 days 01:54:50,0,0,0.083089
247,AN33,head_rec_head,SkyScan2214,2021-10-14T12:53:17,22.999021,70,140,No Filter,720,"OFF (4)
",0.2,1492992,1200,0 days 00:36:49,3,0 days 01:50:27,0,0,0.092132
248,AN33,rec,SkyScan2214,2021-08-24T12:46:48,8.110939,70,140,No Filter,834,"OFF (4)
",0.1,5971968,2400,0 days 01:49:28,3,0 days 05:28:24,0,0,0.16046
249,BH58,head_rec,SkyScan2214,2021-11-09T13:56:10,26.001323,70,140,No Filter,806,"OFF (4)
",0.2,1492992,1200,0 days 00:39:01,2,0 days 01:18:02,0,0,0.09484
250,BH58,rec,SkyScan2214,2021-06-09T15:36:54,7.991271,70,140,No Filter,713,"OFF (3)
",0.2,5968080,2400,0 days 00:50:46,3,0 days 02:32:18,0,0,0.096162
251,BI10,rec,SkyScan2214,2021-07-26T10:46:48,8.34876,70,140,No Filter,813,"OFF (3)
",0.2,5971968,2400,0 days 00:54:39,3,0 days 02:43:57,0,0,0.102861
252,BucketOfFish_A,rec,SkyScan2214,2022-02-28T16:40:33,34.999866,70,140,No Filter,855,"OFF (2)
",0.1,5971968,2400,0 days 02:09:56,1,0 days 02:09:56,0,0,0.056677
253,BucketOfFish_A,rec_10576,SkyScan2214,2022-02-28T16:40:33,34.999866,70,140,No Filter,855,"OFF (2)
",0.1,5971968,2400,0 days 02:09:56,1,0 days 02:09:56,0,0,0.05678
254,BucketOfFish_A,rec_13420,SkyScan2214,2022-02-28T16:40:33,34.999866,70,140,No Filter,855,"OFF (2)
",0.1,5971968,2400,0 days 02:09:56,1,0 days 02:09:56,0,0,0.05678
255,BucketOfFish_A,rec_161543,SkyScan2214,2022-02-28T16:40:33,34.999866,70,140,No Filter,855,"OFF (2)
",0.1,5971968,2400,0 days 02:09:56,1,0 days 02:09:56,0,0,0.05678
256,BucketOfFish_A,rec_BI10,SkyScan2214,2022-02-28T16:40:33,34.999866,70,140,No Filter,855,"OFF (2)
",0.1,5971968,2400,0 days 02:09:56,1,0 days 02:09:56,0,0,0.05678
257,BucketOfFish_B,rec,SkyScan2214,2022-03-03T12:19:43,34.999866,70,140,No Filter,855,"OFF (3)
",0.1,5971968,2400,0 days 02:10:14,1,0 days 02:10:14,0,0,0.048595
258,BucketOfFish_B,rec_11313,SkyScan2214,2022-03-03T12:19:43,34.999866,70,140,No Filter,855,"OFF (3)
",0.1,5971968,2400,0 days 02:10:14,1,0 days 02:10:14,0,0,0.055
259,BucketOfFish_B,rec_13281,SkyScan2214,2022-03-03T12:19:43,34.999866,70,140,No Filter,855,"OFF (3)
",0.1,5971968,2400,0 days 02:10:14,1,0 days 02:10:14,0,0,0.055
260,BucketOfFish_B,rec_Ki30,SkyScan2214,2022-03-03T12:19:43,34.999866,70,140,No Filter,855,"OFF (3)
",0.1,5971968,2400,0 days 02:10:14,1,0 days 02:10:14,0,0,0.055
261,BucketOfFish_B,rec_TS04,SkyScan2214,2022-03-03T12:19:43,34.999866,70,140,No Filter,855,"OFF (3)
",0.1,5971968,2400,0 days 02:10:14,1,0 days 02:10:14,0,0,0.055
262,BucketOfFish_B,rec_ZU12,SkyScan2214,2022-03-03T12:19:43,34.999866,70,140,No Filter,855,"OFF (3)
",0.1,5971968,2400,0 days 02:10:14,1,0 days 02:10:14,0,0,0.055
263,BucketOfFish_B,rec_ZUOS148,SkyScan2214,2022-03-03T12:19:43,34.999866,70,140,No Filter,855,"OFF (3)
",0.1,5971968,2400,0 days 02:10:14,1,0 days 02:10:14,0,0,0.055
264,BucketOfFish_C,rec,SkyScan2214,2022-03-04T14:23:32,33.000351,70,140,No Filter,809,"OFF (3)
",0.1,5971968,2400,0 days 02:00:28,1,0 days 02:00:28,0,0,0.05
265,BucketOfFish_C,rec_12849,SkyScan2214,2022-03-04T14:23:32,33.000351,70,140,No Filter,809,"OFF (3)
",0.1,5971968,2400,0 days 02:00:28,1,0 days 02:00:28,0,0,0.05
266,BucketOfFish_C,rec_13269,SkyScan2214,2022-03-04T14:23:32,33.000351,70,140,No Filter,809,"OFF (3)
",0.1,5971968,2400,0 days 02:00:28,1,0 days 02:00:28,0,0,0.05
267,BucketOfFish_C,rec_14233,SkyScan2214,2022-03-04T14:23:32,33.000351,70,140,No Filter,809,"OFF (3)
",0.1,5971968,2400,0 days 02:00:28,1,0 days 02:00:28,0,0,0.05
268,BucketOfFish_C,rec_IG291,SkyScan2214,2022-03-04T14:23:32,33.000351,70,140,No Filter,809,"OFF (3)
",0.1,5971968,2400,0 days 02:00:28,1,0 days 02:00:28,0,0,0.05
269,BucketOfFish_C,rec_MB51,SkyScan2214,2022-03-04T14:23:32,33.000351,70,140,No Filter,809,"OFF (3)
",0.1,5971968,2400,0 days 02:00:28,1,0 days 02:00:28,0,0,0.05
270,BucketOfFish_D,rec,SkyScan2214,2022-03-07T15:02:04,34.999866,70,140,No Filter,728,"OFF (3)
",0.1,5971968,2400,0 days 03:10:41,1,0 days 03:10:41,0,0,0.045
271,BucketOfFish_D,rec_103734,SkyScan2214,2022-03-07T15:02:04,34.999866,70,140,No Filter,728,"OFF (3)
",0.1,5971968,2400,0 days 03:10:41,1,0 days 03:10:41,0,0,0.045
272,BucketOfFish_D,rec_104621,SkyScan2214,2022-03-07T15:02:04,34.999866,70,140,No Filter,728,"OFF (3)
",0.1,5971968,2400,0 days 03:10:41,1,0 days 03:10:41,0,0,0.045
273,BucketOfFish_D,rec_105005,SkyScan2214,2022-03-07T15:02:04,34.999866,70,140,No Filter,728,"OFF (3)
",0.1,5971968,2400,0 days 03:10:41,1,0 days 03:10:41,0,0,0.045
274,BucketOfFish_D,rec_14125,SkyScan2214,2022-03-07T15:02:04,34.999866,70,140,No Filter,728,"OFF (3)
",0.1,5971968,2400,0 days 03:10:41,1,0 days 03:10:41,0,0,0.045
275,BucketOfFish_D,rec_IG41,SkyScan2214,2022-03-07T15:02:04,34.999866,70,140,No Filter,728,"OFF (3)
",0.1,5971968,2400,0 days 03:10:41,1,0 days 03:10:41,0,0,0.045
276,BucketOfFish_D,rec_MA38,SkyScan2214,2022-03-07T15:02:04,34.999866,70,140,No Filter,728,"OFF (3)
",0.1,5971968,2400,0 days 03:10:41,1,0 days 03:10:41,0,0,0.045
277,BucketOfFish_D,rec_TNB1,SkyScan2214,2022-03-07T15:02:04,34.999866,70,140,No Filter,728,"OFF (3)
",0.1,5971968,2400,0 days 03:10:41,1,0 days 03:10:41,0,0,0.045
278,BucketOfFish_E,rec,SkyScan2214,2022-05-12T16:43:57,34.999866,70,140,No Filter,751,"OFF (3)
",0.1,5971968,2400,0 days 03:13:07,1,0 days 03:13:07,0,0,0.047959
279,BucketOfFish_E,rec_11313,SkyScan2214,2022-05-12T16:43:57,34.999866,70,140,No Filter,751,"OFF (3)
",0.1,5971968,2400,0 days 03:13:07,1,0 days 03:13:07,0,0,0.047959
280,BucketOfFish_E,rec_11807,SkyScan2214,2022-05-12T16:43:57,34.999866,70,140,No Filter,751,"OFF (3)
",0.1,5971968,2400,0 days 03:13:07,1,0 days 03:13:07,0,0,0.047959
281,BucketOfFish_E,rec_22479,SkyScan2214,2022-05-12T16:43:57,34.999866,70,140,No Filter,751,"OFF (3)
",0.1,5971968,2400,0 days 03:13:07,1,0 days 03:13:07,0,0,0.047959
282,BucketOfFish_E,rec_TNB1,SkyScan2214,2022-05-12T16:43:57,34.999866,70,140,No Filter,751,"OFF (3)
",0.1,5971968,2400,0 days 03:13:07,1,0 days 03:13:07,0,0,0.047959
283,BucketOfFish_E,rec_ZU12,SkyScan2214,2022-05-12T16:43:57,34.999866,70,140,No Filter,751,"OFF (3)
",0.1,5971968,2400,0 days 03:13:07,1,0 days 03:13:07,0,0,0.047959
284,BucketOfFish_F,rec,SkyScan2214,2022-05-16T15:00:36,24.999263,70,140,No Filter,751,"OFF (3)
",0.1,5971968,2400,0 days 02:51:30,1,0 days 02:51:30,0,0,0.077932
285,BucketOfFish_F,rec_14269,SkyScan2214,2022-05-16T15:00:36,24.999263,70,140,No Filter,751,"OFF (3)
",0.1,5971968,2400,0 days 02:51:30,1,0 days 02:51:30,0,0,0.077932
286,BucketOfFish_F,rec_14295,SkyScan2214,2022-05-16T15:00:36,24.999263,70,140,No Filter,751,"OFF (3)
",0.1,5971968,2400,0 days 02:51:30,1,0 days 02:51:30,0,0,0.077932
287,BucketOfFish_F,rec_22477,SkyScan2214,2022-05-16T15:00:36,24.999263,70,140,No Filter,751,"OFF (3)
",0.1,5971968,2400,0 days 02:51:30,1,0 days 02:51:30,0,0,0.077932
288,BucketOfFish_F,rec_22478,SkyScan2214,2022-05-16T15:00:36,24.999263,70,140,No Filter,751,"OFF (3)
",0.1,5971968,2400,0 days 02:51:30,1,0 days 02:51:30,0,0,0.077932
289,IG104,head_rec_head,SkyScan2214,2021-10-14T10:36:56,22.999021,70,140,No Filter,801,"OFF (4)
",0.2,1492992,1200,0 days 00:40:00,3,0 days 02:00:00,0,0,0.114865
290,IG104,rec,SkyScan2214,2021-07-12T13:49:59,8.00036,70,140,No Filter,686,"OFF (3)
",0.2,5971968,2400,0 days 00:50:58,3,0 days 02:32:54,0,0,0.134292
291,IG142,head_rec,SkyScan2214,2021-11-12T10:47:03,19.999749,70,140,No Filter,976,"OFF (3)
",0.2,1492992,1200,0 days 00:47:26,3,0 days 02:22:18,0,0,0.111598
292,IG142,rec,SkyScan2214,2021-06-25T14:02:50,7.036958,70,140,No Filter,937,"OFF (3)
",0.2,5971968,2400,0 days 00:56:58,3,0 days 02:50:54,0,0,0.130482
293,IG156,head_rec,SkyScan2214,2021-11-12T13:38:28,23.998779,70,140,No Filter,976,"OFF (3)
",0.2,1492992,1200,0 days 00:45:55,2,0 days 01:31:50,0,0,0.120255
294,IG156,rec,SkyScan2214,2021-08-23T13:45:17,9.000117,70,140,No Filter,834,"OFF (4)
",0.2,5971968,2400,0 days 00:55:35,3,0 days 02:46:45,0,0,0.125717
295,IG161,head_rec,SkyScan2214,2021-11-15T11:09:12,21.999264,70,140,No Filter,976,"OFF (3)
",0.2,1492992,1200,0 days 00:46:38,3,0 days 02:19:54,0,0,0.115565
296,IG161,rec,SkyScan2214,2021-07-08T10:32:30,7.000603,70,140,No Filter,686,"OFF (3)
",0.2,5971968,2400,0 days 00:51:24,3,0 days 02:34:12,0,0,0.11829
297,IG291,rec,SkyScan2214,2021-08-30T15:04:58,8.468428,70,140,No Filter,1101,"OFF (4)
",0.2,5971968,2400,0 days 01:05:19,3,0 days 03:15:57,0,0,0.131566
298,IG41,rec,SkyScan2214,2021-09-14T10:02:55,8.468428,70,140,No Filter,971,"OFF (4)
",0.18,5971968,2400,0 days 01:07:26,3,0 days 03:22:18,0,0,0.125325
299,IG75,head_rec,SkyScan2214,2022-04-28T11:08:16,17.499569,70,140,No Filter,835,"OFF (2)
",0.1,5971968,2400,0 days 01:51:54,1,0 days 01:51:54,0,0,0.149293
300,IG75,rec_oj,SkyScan2214,2022-04-28T13:57:06,7.000603,70,140,No Filter,835,"OFF (2)
",0.1,5971968,2400,0 days 01:51:28,1,0 days 01:51:28,0,0,0.145231
301,IG75,rec_pj,SkyScan2214,2022-04-28T16:12:49,7.000603,70,140,No Filter,835,"OFF (2)
",0.1,5971968,2400,0 days 01:51:06,1,0 days 01:51:06,0,0,0.10242
302,IG80,head_rec,SkyScan2214,2021-09-24T10:35:54,21.999992,70,140,No Filter,873,"OFF (4)
",0.2,5971968,2400,0 days 01:00:21,2,0 days 02:00:42,0,0,0.067683
303,IG80,rec,SkyScan2214,2021-09-24T12:57:45,7.633783,70,140,No Filter,873,"OFF (4)
",0.15,5971968,2400,0 days 01:15:49,3,0 days 03:47:27,0,0,0.097658
304,IG80,rec_rereconstruct_OJ,SkyScan2214,2021-09-24T12:57:45,7.633783,70,140,No Filter,873,"OFF (4)
",0.15,5971968,2400,0 days 01:15:49,3,0 days 03:47:27,0,0,0.129824
305,IG92,head_rec,SkyScan2214,2022-09-08T19:53:24,11.999389,60,140,No Filter,1831,"OFF (3)
",0.1,5971968,2400,0 days 03:05:12,1,0 days 03:05:12,0,0,0.123575
306,IG92,rec,SkyScan1272,2021-01-29T17:31:09,5.000018,60,166,Al 0.25mm,4133,"ON (2)
",0.1,16085120,4000,0 days 07:38:44,1,0 days 07:38:44,13,0,0.24767
307,IG92,rec_oj,SkyScan2214,2022-09-09T01:07:10,5.499452,60,140,No Filter,1831,"OFF (3)
",0.1,5971968,2400,0 days 02:56:33,1,0 days 02:56:33,0,0,0.19187
308,IG92,rec_pj,SkyScan2214,2022-09-09T12:22:20,5.499452,60,140,No Filter,1831,"OFF (3)
",0.1,5971968,2400,0 days 02:57:29,1,0 days 02:57:29,0,0,0.155492
309,IG94,rec,SkyScan1272,2021-11-29T20:27:08,4.000007,60,166,Al 0.25mm,1783,"ON (3)
",0.1,16085120,4000,0 days 04:54:24,2,0 days 09:48:48,13,0,0.327299
310,IG96,head_rec,SkyScan2214,2022-09-07T12:43:30,15.000176,60,140,No Filter,1831,"OFF (3)
",0.1,5971968,2400,0 days 03:06:33,1,0 days 03:06:33,0,0,0.090082
311,IG96,rec,SkyScan1272,2020-11-19T17:39:48,5.000018,70,142,Al 0.5mm,3254,"ON (3)
",0.1,16085120,4000,0 days 07:58:53,1,0 days 07:58:53,13,0,0.186247
312,IG96,rec_oj,SkyScan2214,2022-09-08T12:58:02,5.999331,60,140,No Filter,1831,"OFF (3)
",0.1,5971968,2400,0 days 03:05:17,1,0 days 03:05:17,0,0,0.145021
313,IG96,rec_pj,SkyScan2214,2022-09-08T16:10:15,5.999331,60,140,No Filter,1831,"OFF (3)
",0.1,5971968,2400,0 days 03:05:24,1,0 days 03:05:24,0,0,0.120589
314,JU22,head_rec,SkyScan2214,2022-02-18T12:26:16,26.001323,70,140,No Filter,782,"OFF (5)
",0.2,1492992,1200,0 days 00:39:55,2,0 days 01:19:50,0,0,0.115598
315,JU22,rec,SkyScan2214,2021-07-15T10:30:18,8.945585,70,140,No Filter,747,"OFF (3)
",0.2,5971968,2400,0 days 01:01:30,3,0 days 03:04:30,0,0,0.123702
316,KAT13,head_rec,SkyScan2214,2022-01-25T09:44:24,13.001449,70,139,No Filter,740,"OFF (2)
",0.2,1492992,1200,0 days 00:39:06,3,0 days 01:57:18,0,0,0.135355
317,KAT13,jaw_rec,SkyScan1272,2021-02-03T10:58:47,5.000014,60,166,Al 0.25mm,1062,"ON (3)
",0.2,4021280,2000,0 days 01:29:22,1,0 days 01:29:22,14,0,0.360528
318,KAT13,pharynx_rec,SkyScan1272,2021-02-03T13:17:33,5.000014,60,166,Al 0.25mm,1062,"ON (3)
",0.2,4021280,2000,0 days 01:31:22,1,0 days 01:31:22,19,0,0.249797
319,KC31,head_rec,SkyScan2214,2022-01-31T10:38:30,14.001206,70,137,No Filter,666,"OFF (2)
",0.2,1492992,1200,0 days 00:36:08,3,0 days 01:48:24,0,0,0.120422
320,KC31,jaw_rec,SkyScan1272,2021-01-29T00:39:37,5.000018,70,142,Al 0.5mm,3254,"ON (3)
",0.1,16085120,4000,0 days 07:58:39,1,0 days 07:58:39,14,10,0.193475
321,KC31,pharynx_rec,SkyScan1272,2021-02-01T13:22:52,5.000014,60,166,Al 0.25mm,1062,"ON (3)
",0.2,4021280,2000,0 days 01:29:18,1,0 days 01:29:18,13,0,0.274372
322,KI30,rec,SkyScan2214,2021-07-29T10:32:55,8.230607,70,140,No Filter,657,"OFF (3)
",0.2,5971968,2400,0 days 00:49:17,3,0 days 02:27:51,0,0,0.13708
323,MA31,head_rec,SkyScan2214,2021-10-19T11:15:30,16.99969,70,140,No Filter,706,"OFF (4)
",0.1,5971968,2400,0 days 01:39:24,2,0 days 03:18:48,0,0,0.078735
324,MA31,rec,SkyScan2214,2021-06-24T11:59:50,8.588096,70,131,No Filter,1331,"OFF (3)
",0.2,5971968,2400,0 days 01:14:18,3,0 days 03:42:54,0,0,0.09094
325,MA31,rec_rescan,SkyScan2214,2021-08-20T14:28:47,9.300045,70,140,No Filter,834,"OFF (4)
",0.2,5971968,2400,0 days 00:55:40,3,0 days 02:47:00,0,0,0.161933
326,MA31,rec_rescan_rereconstruct_OJ,SkyScan2214,2021-08-20T14:28:47,9.300045,70,140,No Filter,834,"OFF (4)
",0.2,5971968,2400,0 days 00:55:40,3,0 days 02:47:00,0,0,0.148626
327,MA38,rec,SkyScan2214,2021-09-06T11:35:24,6.799137,70,140,No Filter,1101,"OFF (4)
",0.2,5971968,2400,0 days 01:06:41,3,0 days 03:20:03,0,0,0.134509
328,MA41,rec,SkyScan2214,2021-12-15T19:28:30,7.500482,70,140,No Filter,569,"OFF (5)
",0.1,5971968,2400,0 days 01:34:15,3,0 days 04:42:45,0,0,0.133071
329,MB51,rec,SkyScan2214,2021-08-31T14:39:59,8.468428,70,140,No Filter,1101,"OFF (4)
",0.2,5971968,2400,0 days 01:05:21,3,0 days 03:16:03,0,0,0.151701
330,NA4,head_rec,SkyScan2214,2022-04-04T11:18:02,15.999933,70,140,No Filter,790,"OFF (3)
",0.1,5971968,2400,0 days 01:49:59,1,0 days 01:49:59,0,0,0.089783
331,NA4,rec_oj,SkyScan2214,2022-04-04T13:54:25,7.500482,70,140,No Filter,790,"OFF (3)
",0.1,5971968,2400,0 days 01:56:59,1,0 days 01:56:59,0,0,0.134665
332,NA4,rec_pj,SkyScan2214,2022-04-04T16:51:03,7.500482,70,140,No Filter,790,"OFF (3)
",0.1,5971968,2400,0 days 01:50:20,1,0 days 01:50:20,0,0,0.096352
333,NY75,head_rec,SkyScan2214,2022-01-17T12:48:59,28.000837,70,140,No Filter,612,"OFF (2)
",0.2,1492992,1200,0 days 00:34:35,3,0 days 01:43:45,0,0,0.115708
334,NY75,rec,SkyScan2214,2021-03-30T12:58:52,11.92668,70,125,No Filter,908,"OFF (3)
",0.2,5968080,2400,0 days 01:00:30,3,0 days 03:01:30,0,0,0.072752
335,TJ2,head_rec,SkyScan2214,2022-04-25T11:12:33,15.000176,70,140,No Filter,790,"OFF (2)
",0.1,5971968,2400,0 days 01:50:40,1,0 days 01:50:40,0,0,0.104671
336,TJ2,rec_oj,SkyScan2214,2022-04-25T13:20:13,5.999331,70,140,No Filter,835,"OFF (2)
",0.1,5971968,2400,0 days 01:53:00,1,0 days 01:53:00,0,0,0.171427
337,TJ2,rec_pj,SkyScan2214,2022-04-25T15:22:50,5.999331,70,140,No Filter,835,"OFF (2)
",0.1,5971968,2400,0 days 01:51:36,1,0 days 01:51:36,0,0,0.108401
338,TJ3,head_rec,SkyScan2214,2022-01-24T15:20:14,13.001449,70,138,No Filter,612,"OFF (2)
",0.2,1492992,1200,0 days 00:33:09,3,0 days 01:39:27,0,0,0.154967
339,TJ3,jaw_rec,SkyScan1272,2021-01-28T15:14:44,5.000018,70,142,Al 0.5mm,3254,"OFF (3)
",0.1,16085120,4000,0 days 04:32:22,1,0 days 04:32:22,14,10,0.233489
340,TJ3,jaw_v1_rec,SkyScan1272,2020-10-26T11:39:02,5.000014,70,142,Al 0.5mm,1162,"ON (3)
",0.6,4021280,2000,0 days 00:34:25,1,0 days 00:34:25,13,0,0.232513
341,TJ3,pharynx_rec_pharyngealjaw,SkyScan1272,2021-02-01T11:05:12,5.000014,60,166,Al 0.25mm,1062,"ON (3)
",0.2,4021280,2000,0 days 01:29:21,1,0 days 01:29:21,13,0,0.302137
342,TJ3,rec_oj,SkyScan2214,2022-03-25T14:57:45,7.500482,70,140,No Filter,653,"OFF (3)
",0.1,5971968,2400,0 days 01:39:09,1,0 days 01:39:09,0,0,0.130119
343,TMG15,head_rec,SkyScan2214,2022-03-10T14:22:44,17.999448,70,140,No Filter,655,"OFF (3)
",0.1,5971968,2400,0 days 01:40:16,1,0 days 01:40:16,0,0,0.123096
344,TMG15,rec,SkyScan2214,2021-07-27T08:42:06,8.34876,70,140,No Filter,813,"OFF (3)
",0.2,5971968,2400,0 days 00:54:21,3,0 days 02:43:03,0,0,0.095564
345,TMG15,rec_oj,SkyScan2214,2022-03-14T11:25:22,7.156626,70,139,No Filter,999,"OFF (3)
",0.1,5971968,2400,0 days 02:06:21,1,0 days 02:06:21,0,0,0.157337
346,TNB1,rec,SkyScan2214,2021-07-16T10:42:49,7.750421,70,140,No Filter,813,"OFF (3)
",0.2,5971968,2400,0 days 00:55:24,3,0 days 02:46:12,0,0,0.14666
347,TS03,head_rec,SkyScan2214,2022-03-08T14:29:25,21.999264,70,140,No Filter,748,"OFF (3)
",0.2,1492992,1200,0 days 00:39:18,2,0 days 01:18:36,0,0,0.10391
348,TS03,rec,SkyScan2214,2021-09-02T15:03:27,8.468428,70,140,No Filter,1101,"OFF (4)
",0.2,5971968,2400,0 days 01:05:24,3,0 days 03:16:12,0,0,0.093404
349,TS03,rec_oj,SkyScan2214,2022-03-08T16:25:28,7.156626,70,140,No Filter,728,"OFF (3)
",0.15,5971968,2400,0 days 01:09:41,1,0 days 01:09:41,0,0,0.134242
350,TS03,rec_rereconstruct,SkyScan2214,2021-09-02T15:03:27,8.468428,70,140,No Filter,1101,"OFF (4)
",0.2,5971968,2400,0 days 01:05:24,3,0 days 03:16:12,0,0,0.107666
351,TS04,rec,SkyScan2214,2021-12-16T11:28:29,7.500482,70,140,No Filter,569,"OFF (5)
",0.125,5971968,2400,0 days 01:17:43,3,0 days 03:53:09,0,0,0.139957
352,Teeth,P_rec_al0.25,SkyScan1272,2020-12-10T14:59:13,2.999931,60,166,Al 0.25mm,1985,"ON (3)
",0.4,1782144,1300,0 days 01:16:16,1,0 days 01:16:16,14,0,0.326348
353,Teeth,P_rec_nofilter,SkyScan1272,2020-12-10T16:46:29,2.999931,50,200,No Filter,711,"ON (3)
",0.4,1782144,1300,0 days 00:35:28,1,0 days 00:35:28,5,0,0.721731
354,Teeth,W_rec_al0.25,SkyScan1272,2020-12-10T13:19:28,2.999931,60,166,Al 0.25mm,1985,"ON (3)
",0.4,1782144,1300,0 days 01:16:08,1,0 days 01:16:08,5,0,0.277898
355,Teeth,W_rec_nofilter,SkyScan1272,2020-12-10T10:30:18,2.999931,50,200,No Filter,711,"ON (3)
",0.4,1782144,1300,0 days 00:35:29,1,0 days 00:35:29,5,0,0.638647
356,ZU12,rec,SkyScan2214,2021-09-20T11:14:42,9.000117,70,140,No Filter,873,"OFF (4)
",0.2,5971968,2400,0 days 01:33:02,3,0 days 04:39:06,0,0,0.184407
357,ZU12,rec_reconstruct,SkyScan2214,2021-09-20T11:14:42,9.000117,70,140,No Filter,873,"OFF (4)
",0.2,5971968,2400,0 days 01:33:02,3,0 days 04:39:06,0,0,0.142012
358,ZuOS115,head_rec,SkyScan2214,2022-03-11T11:02:55,17.999448,70,140,No Filter,655,"OFF (3)
",0.1,5971968,2400,0 days 01:38:46,1,0 days 01:38:46,0,0,0.074241
359,ZuOS115,rec,SkyScan2214,2021-09-21T10:24:54,8.88045,70,140,No Filter,873,"OFF (4)
",0.2,5971968,2400,0 days 00:52:47,3,0 days 02:38:21,0,0,0.241971
360,ZuOS115,rec_oj,SkyScan2214,2022-03-11T13:13:08,6.750664,70,140,No Filter,999,"OFF (3)
",0.1,5971968,2400,0 days 02:04:41,1,0 days 02:04:41,0,0,0.318166
361,ZuOS148,rec,SkyScan2214,2021-09-13T15:22:17,8.468428,70,140,No Filter,1482,"OFF (4)
",0.2,5971968,2400,0 days 01:19:25,3,0 days 03:58:15,0,0,0.166321
